Symbol,Name,Last Sale,Net Change,% Change,Market Cap,Country,IPO Year,Volume,Sector,Industry
A,Agilent Technologies Inc. Common Stock,$108.47,0.73,0.678%,31736941502.00,United States,1999,1847668,Industrials,Electrical Products
AA,Alcoa Corporation Common Stock ,$24.64,0.06,0.244%,4397547813.00,United States,2016,3034370,Industrials,Aluminum
AAON,AAON Inc. Common Stock,$58.71,1.26,2.193%,4769885554.00,United States,,404339,Industrials,Industrial Machinery/Components
ACA,Arcosa Inc. Common Stock ,$69.30,1.36,2.002%,3379065644.00,United States,2018,267708,Industrials,Metal Fabrications
ACHR,Archer Aviation Inc. Class A Common Stock,$4.97,-0.29,-5.513%,1271008556.00,United States,2020,6675929,Industrials,Aerospace
ACNT,Ascent Industries Co. Common Stock,$8.34,-0.05,-0.596%,84446945.00,United States,,625,Industrials,Steel/Iron Ore
ADES,Advanced Emissions Solutions Inc. Common Stock,$2.06,-0.02,-0.962%,68352668.00,United States,,68774,Industrials,Major Chemicals
AEHL,Antelope Enterprise Holdings Limited Class A Ordinary Shares,$1.6145,0.0145,0.906%,2904486.00,China,,12502,Industrials,Building Materials
AEHR,Aehr Test Systems Common Stock,$24.50,1.32,5.695%,705583169.00,United States,1997,839159,Industrials,Electrical Products
AENZ,Aenza S.A.A. American Depositary Shares,$2.24,0.00,0.00%,178749010.00,,2018,262,Industrials,Engineering & Construction
AESI,Atlas Energy Solutions Inc. Common Stock,$17.57,0.40,2.33%,1757000000.00,United States,2023,297159,Industrials,Metal Fabrications
AEY,ADDvantage Technologies Group Inc. Common Stock,$0.26,-0.03,-10.345%,3895456.00,United States,,118105,Industrials,Office Equipment/Supplies/Services
AGCO,AGCO Corporation Common Stock,$116.00,1.92,1.683%,8686072692.00,United States,,443203,Industrials,Industrial Machinery/Components
AGRIW,AgriFORCE  Growing Systems Ltd. Warrant,$0.014,0.00,0.00%,19789.00,Canada,2021,16,Industrials,Metal Fabrications
AIR,AAR Corp. Common Stock,$64.05,1.59,2.546%,2260644558.00,United States,,332124,Industrials,Aerospace
AIRI,Air Industries Group Common Stock,$3.00,-0.19,-5.956%,9869481.00,United States,,1539,Industrials,Military/Government/Technical
AIT,Applied Industrial Technologies Inc. Common Stock,$162.19,4.72,2.997%,6286485860.00,United States,,199944,Industrials,Industrial Machinery/Components
AKYA,Akoya BioSciences Inc. Common Stock,$4.01,-0.16,-3.837%,196252877.00,United States,2021,77864,Industrials,Medical Specialities
ALB,Albemarle Corporation Common Stock,$116.98,2.38,2.077%,13727985759.00,United States,,2645892,Industrials,Major Chemicals
ALG,Alamo Group Inc. Common Stock,$180.15,3.13,1.768%,2163922347.00,United States,,51660,Industrials,Industrial Machinery/Components
ALNT,Allient Inc. Common Stock,$25.90,0.16,0.622%,419871608.00,United States,,45438,Industrials,Electrical Products
ALTG,Alta Equipment Group Inc. Class A Common Stock,$11.61,0.39,3.476%,375793780.00,United States,2019,397629,Industrials,Industrial Machinery/Components
ALTO,Alto Ingredients Inc. Common Stock,$2.09,0.00,0.00%,159130719.00,United States,,2003082,Industrials,Major Chemicals
AMBI,Ambipar Emergency Response Class A Ordinary Shares,$5.90,0.25,4.425%,327036115.00,,,13224,Industrials,Environmental Services
AMBP,Ardagh Metal Packaging S.A. Ordinary Shares,$3.51,-0.03,-0.847%,2097540900.00,,,1210642,Industrials,Containers/Packaging
AME,AMETEK Inc.,$150.80,3.34,2.265%,34804437476.00,United States,,1232899,Industrials,Industrial Machinery/Components
AMRK,A-Mark Precious Metals Inc. Common Stock,$24.56,0.24,0.987%,570061767.00,United States,,399266,Industrials,Other Specialty Stores
AMSC,American Superconductor Corporation Common Stock,$7.73,-0.23,-2.889%,234362090.00,United States,1991,384566,Industrials,Office Equipment/Supplies/Services
AMTX,Aemetis Inc. (DE) Common Stock,$4.52,-0.09,-1.952%,175591780.00,United States,,390047,Industrials,Major Chemicals
ANDE,Andersons Inc. (The) Common Stock,$49.23,1.56,3.272%,1661626763.00,United States,,204305,Industrials,Farming/Seeds/Milling
AOS,A.O. Smith Corporation Common Stock,$72.82,1.45,2.032%,10829821567.00,United States,,829469,Industrials,Industrial Machinery/Components
AOUT,American Outdoor Brands Inc. Common Stock ,$8.00,-0.09,-1.112%,104059032.00,United States,,51240,Industrials,Ordnance And Accessories
AP,Ampco-Pittsburgh Corporation Common Stock,$2.69,-0.11,-3.929%,53438865.00,United States,,5270,Industrials,Fluid Controls
APD,Air Products and Chemicals Inc. Common Stock,$265.46,1.47,0.557%,58971610095.00,United States,,1516934,Industrials,Major Chemicals
APWC,Asia Pacific Wire & Cable Corporation Ltd. Ordinary Shares (Bermuda),$1.31,0.01,0.769%,27012200.00,Taiwan,,1070,Industrials,Telecommunications Equipment
AQMS,Aqua Metals Inc. Common Stock,$0.91,-0.06,-6.186%,98108435.00,United States,2015,201365,Industrials,Metal Fabrications
ARCB,ArcBest Corporation Common Stock,$115.63,0.95,0.828%,2736021797.00,United States,,139539,Industrials,Trucking Freight/Courier Services
AREB,American Rebel Holdings Inc. Common Stock,$0.3849,0.048,14.248%,1094006.00,United States,,2373512,Industrials,Plastic Products
AREBW,American Rebel Holdings Inc. Warrants,$0.0096,0.00,0.00%,27286.00,United States,,15,Industrials,Plastic Products
ARTW,Art's-Way Manufacturing Co. Inc. Common Stock,$2.0199,-0.0001,-0.005%,10118839.00,United States,,3685,Industrials,Industrial Machinery/Components
ASA,ASA  Gold and Precious Metals Limited,$12.90,-0.41,-3.08%,248839775.00,United States,,43233,Industrials,Precious Metals
ASIX,AdvanSix Inc. Common Stock ,$24.60,0.56,2.329%,663060528.00,United States,2016,141440,Industrials,Major Chemicals
ASPI,ASP Isotopes Inc. Common Stock,$1.43,0.30,26.549%,53461528.00,United States,2022,287710,Industrials,Major Chemicals
ASTC,Astrotech Corporation (DE) Common Stock,$7.57,-0.42,-5.257%,12734905.00,United States,,9841,Industrials,Aerospace
ASTE,Astec Industries Inc. Common Stock,$31.22,1.31,4.38%,709920821.00,United States,1986,171595,Industrials,Construction/Ag Equipment/Trucks
ASTL,Algoma Steel Group Inc. Common Shares,$7.34,0.13,1.803%,760447950.00,Canada,,314728,Industrials,Steel/Iron Ore
ASTLW,Algoma Steel Group Inc. Warrant,$1.03,0.01,0.98%,106711361.00,Canada,,21028,Industrials,Steel/Iron Ore
ATI,ATI Inc. Common Stock,$43.69,1.03,2.414%,5573848392.00,United States,,1176041,Industrials,Steel/Iron Ore
ATLX,Atlas Lithium Corporation Common Stock,$23.01,-0.34,-1.456%,246880273.00,United States,,70467,Industrials,Mining & Quarrying of Nonmetallic Minerals (No Fuels)
ATR,AptarGroup Inc. Common Stock,$125.72,1.33,1.069%,8270021139.00,United States,,195598,Industrials,Plastic Products
ATRO,Astronics Corporation Common Stock,$14.72,0.39,2.722%,478934321.00,United States,,160858,Industrials,Military/Government/Technical
ATS,ATS Corporation Common Shares,$37.04,1.45,4.074%,3650041091.00,Canada,2023,77530,Industrials,Industrial Machinery/Components
AVAV,AeroVironment Inc. Common Stock,$121.59,1.21,1.005%,3196654600.00,United States,2007,167822,Industrials,Aerospace
AVD,American Vanguard Corporation Common Stock ($0.10 Par Value),$8.99,-0.73,-7.51%,263380228.00,United States,1998,390256,Industrials,Agricultural Chemicals
AVNT,Avient Corporation Common Stock,$32.65,0.77,2.415%,2976420885.00,United States,,342884,Industrials,Major Chemicals
AVTR,Avantor Inc. Common Stock,$18.56,0.17,0.924%,12553728150.00,United States,2019,6004408,Industrials,Biotechnology: Laboratory Analytical Instruments
AWI,Armstrong World Industries Inc Common Stock,$80.92,1.24,1.556%,3575068662.00,United States,,213270,Industrials,Plastic Products
AWIN,AERWINS Technologies Inc. Common Stock,$0.13,-0.006,-4.412%,8149468.00,Japan,2021,566563,Industrials,Industrial Machinery/Components
AWINW,AERWINS Technologies Inc. Warrant,$0.0157,0.0003,1.948%,984205.00,Japan,2021,12360,Industrials,Industrial Machinery/Components
AXDX,Accelerate Diagnostics Inc. Common Stock,$5.73,-0.17,-2.881%,82328474.00,United States,,11409,Industrials,Biotechnology: Laboratory Analytical Instruments
AXON,Axon Enterprise Inc. Common Stock,$217.94,2.24,1.038%,16331079128.00,United States,2001,830258,Industrials,Ordnance And Accessories
AZ,A2Z Smart Technologies Corp. Common Shares,$1.31,-0.06,-4.38%,48001227.00,Canada,,11361,Industrials,Industrial Machinery/Components
AZEK,The AZEK Company Inc. Class A Common Stock,$28.63,0.67,2.396%,4276173164.00,United States,2020,681185,Industrials,Plastic Products
AZZ,AZZ Inc.,$46.65,0.70,1.523%,1169836032.00,United States,,78171,Industrials,Industrial Specialties
B,Barnes Group Inc. Common Stock,$24.27,0.85,3.629%,1229879726.00,United States,,789021,Industrials,Metal Fabrications
BA,Boeing Company (The) Common Stock,$196.65,3.32,1.717%,118968687130.00,United States,,4770014,Industrials,Aerospace
BAK,Braskem SA ADR,$8.07,-0.01,-0.124%,3216733610.00,Brazil,,1034072,Industrials,Major Chemicals
BALL,Ball Corporation Common Stock,$48.81,0.17,0.35%,15389852255.00,United States,,1482734,Industrials,Containers/Packaging
BATRA,Atlanta Braves Holdings Inc. Series A Common Stock,$36.99,-0.21,-0.565%,2283164435.00,United States,,58200,Industrials,Broadcasting
BATRK,Atlanta Braves Holdings Inc. Series C Common Stock,$34.23,-0.01,-0.029%,2112806667.00,United States,,180385,Industrials,Broadcasting
BC,Brunswick Corporation Common Stock,$70.38,0.85,1.222%,4843034166.00,United States,,285609,Industrials,Industrial Machinery/Components
BCPC,Balchem Corporation Common Stock,$118.31,0.86,0.732%,3814439335.00,United States,,72135,Industrials,Major Chemicals
BERY,Berry Global Group Inc. Common Stock,$57.91,0.57,0.994%,6839171000.00,United States,2012,509966,Industrials,Plastic Products
BEST,BEST Inc. American Depositary Shares each representing twenty (20) Class A Ordinary Shares,$2.60,0.02,0.775%,51584000.00,Cayman Islands,2023,75422,Industrials,Trucking Freight/Courier Services
BIO,Bio-Rad Laboratories Inc. Class A Common Stock,$304.04,-2.74,-0.893%,8861297487.00,United States,1980,382355,Industrials,Biotechnology: Laboratory Analytical Instruments
BIOX,Bioceres Crop Solutions Corp. Ordinary Shares,$10.33,-0.26,-2.455%,654198900.00,Argentina,,87492,Industrials,Agricultural Chemicals
BKR,Baker Hughes Company Class A Common Stock,$34.34,0.42,1.238%,34554071886.00,United States,,9210120,Industrials,Metal Fabrications
BMI,Badger Meter Inc. Common Stock,$142.32,0.67,0.473%,4176647108.00,United States,1971,120858,Industrials,Industrial Machinery/Components
BNGO,Bionano Genomics Inc. Common Stock,$1.30,-0.03,-2.256%,50492438.00,United States,2018,1030473,Industrials,Biotechnology: Laboratory Analytical Instruments
BODY,The Beachbody Company Inc. Class A Common Stock,$0.1625,0.0055,3.503%,50818645.00,United States,2021,491721,Industrials,Industrial Machinery/Components
BOOM,DMC Global Inc. Common Stock,$16.05,0.21,1.326%,317173375.00,United States,,112316,Industrials,Industrial Specialties
BRKR,Bruker Corporation Common Stock,$57.81,0.57,0.996%,8489577827.00,United States,,866630,Industrials,Biotechnology: Laboratory Analytical Instruments
BW,Babcock & Wilcox Enterprises Inc. Common Stock,$1.05,-1.26,-54.545%,93535216.00,United States,2015,9012524,Industrials,Building Products
BWNB,Babcock & Wilcox Enterprises Inc. 6.50% Senior Notes due 2026,$16.08,-2.89,-15.235%,1432425021.00,United States,2021,130895,Industrials,Building Products
BWSN,Babcock & Wilcox Enterprises Inc. 8.125% Senior Notes due 2026,$17.70,-1.98,-10.061%,1576736497.00,United States,2021,306628,Industrials,Building Products
BWXT,BWX Technologies Inc. Common Stock,$76.60,1.33,1.767%,7009879561.00,United States,,641088,Industrials,Industrial Machinery/Components
CARR,Carrier Global Corporation Common Stock ,$51.50,1.07,2.122%,43210898819.00,United States,2020,2577985,Industrials,Industrial Machinery/Components
CAT,Caterpillar Inc. Common Stock,$239.68,5.53,2.362%,122017431202.00,United States,,2524098,Industrials,Construction/Ag Equipment/Trucks
CBT,Cabot Corporation Common Stock,$74.40,1.90,2.621%,4161711610.00,United States,,310430,Industrials,Major Chemicals
CBUS,Cibus Inc. Class A Common Stock,$14.73,2.43,19.756%,313515397.00,United States,2017,50747,Industrials,Agricultural Chemicals
CC,Chemours Company (The) Common Stock,$24.42,0.11,0.452%,3624862700.00,United States,2015,1595875,Industrials,Major Chemicals
CCK,Crown Holdings Inc.,$80.42,0.55,0.689%,9702382603.00,United States,,1038279,Industrials,Containers/Packaging
CDXS,Codexis Inc. Common Stock,$1.66,0.06,3.75%,115918130.00,United States,2010,835524,Industrials,Major Chemicals
CE,Celanese Corporation Common Stock,$118.51,2.12,1.821%,12900425841.00,United States,2005,673416,Industrials,Major Chemicals
CEADW,CEA Industries Inc. Warrant,$0.0154,-0.0046,-23.00%,124376.00,United States,,2275,Industrials,Industrial Machinery/Components
CECO,CECO Environmental Corp. Common Stock,$19.47,0.52,2.744%,677800134.00,United States,1998,746149,Industrials,Pollution Control Equipment
CENX,Century Aluminum Company Common Stock,$6.69,0.06,0.905%,618187195.00,United States,1996,1042040,Industrials,Aluminum
CF,CF Industries Holdings Inc. Common Stock,$79.53,-0.75,-0.934%,15194723525.00,United States,2005,2044417,Industrials,Agricultural Chemicals
CGA,China Green Agriculture Inc. Common Stock,$2.02,0.00,0.00%,27029446.00,China,,18,Industrials,Agricultural Chemicals
CGNX,Cognex Corporation Common Stock,$36.38,0.83,2.335%,6262529307.00,United States,1989,798435,Industrials,Industrial Machinery/Components
CHSCL,CHS Inc Class B Cumulative Redeemable Preferred Stock Series 4,$25.35,0.10,0.396%,311095276.00,United States,,8931,Industrials,Farming/Seeds/Milling
CHSCM,CHS Inc Class B Reset Rate Cumulative Redeemable Preferred Stock Series 3,$24.46,0.06,0.246%,300173193.00,United States,,13980,Industrials,Farming/Seeds/Milling
CHSCN,CHS Inc Preferred Class B Series 2 Reset Rate,$25.09,-0.06,-0.239%,307904555.00,United States,,5970,Industrials,Farming/Seeds/Milling
CHSCO,CHS Inc. Class B Cumulative Redeemable Preferred Stock,$26.1501,0.2101,0.81%,320914106.00,United States,,6181,Industrials,Farming/Seeds/Milling
CHSCP,CHS Inc. 8%  Cumulative Redeemable Preferred Stock,$29.38,0.18,0.616%,360551448.00,United States,,11424,Industrials,Farming/Seeds/Milling
CHX,ChampionX Corporation Common Stock ,$29.11,0.27,0.936%,5670628000.00,United States,,1090162,Industrials,Industrial Machinery/Components
CLH,Clean Harbors Inc. Common Stock,$161.27,5.74,3.691%,8722491311.00,United States,,330542,Industrials,Environmental Services
CLIR,ClearSign Technologies Corporation Common Stock (DE),$0.8601,-0.1348,-13.549%,33167250.00,United States,2012,20700,Industrials,Industrial Machinery/Components
CMC,Commercial Metals Company Common Stock,$45.18,0.11,0.244%,5281775490.00,United States,,649717,Industrials,Steel/Iron Ore
CMCO,Columbus McKinnon Corporation Common Stock,$34.33,0.62,1.839%,986577737.00,United States,1996,76826,Industrials,Construction/Ag Equipment/Trucks
CMI,Cummins Inc. Common Stock,$219.02,3.58,1.662%,31044959894.00,United States,,994549,Industrials,Industrial Machinery/Components
CNEY,CN Energy Group Inc. Class A Ordinary Shares,$0.09,-0.0001,-0.111%,4481385.00,China,2021,301224,Industrials,Major Chemicals
CNHI,CNH Industrial N.V. Common Shares,$9.96,-0.19,-1.872%,13251617413.00,United Kingdom,2013,8848301,Industrials,Construction/Ag Equipment/Trucks
CODA,Coda Octopus Group Inc. Common stock,$6.52,-0.08,-1.212%,72487371.00,United States,,6214,Industrials,Industrial Machinery/Components
COHU,Cohu Inc. Common Stock,$31.20,0.93,3.072%,1482160118.00,United States,,291906,Industrials,Electrical Products
CP,Canadian Pacific Kansas City Limited Common Shares,$70.68,-2.12,-2.912%,65852556000.00,Canada,,4935142,Industrials,Railroads
CPAC,Cementos Pacasmayo S.A.A. American Depositary Shares (Each representing five Common Shares),$5.1799,-0.0301,-0.578%,439119237.00,Peru,,3846,Industrials,Building Materials
CPTK,Crown PropTech Acquisitions Class A Ordinary Shares,$10.55,-0.03,-0.284%,0.00,,2021,6913,Industrials,Wholesale Distributors
CPTN,Cepton Inc. Common Stock,$3.60,-0.18,-4.762%,56967908.00,United States,2021,35619,Industrials,Industrial Machinery/Components
CPTNW,Cepton Inc. Warrant,$0.0188,0.00,0.00%,297499.00,United States,2021,1405,Industrials,Industrial Machinery/Components
CR,Crane Company Common Stock,$102.17,1.16,1.148%,5804771181.00,United States,2023,84603,Industrials,Metal Fabrications
CRCT,Cricut Inc. Class A Common Stock,$7.53,0.01,0.133%,1650327668.00,United States,2021,276245,Industrials,Wholesale Distributors
CRH,CRH PLC Ordinary Shares,$59.86,1.47,2.518%,42396000935.00,Ireland,,2521719,Industrials,Building Materials
CRS,Carpenter Technology Corporation Common Stock,$66.71,0.53,0.801%,3289230144.00,United States,,443450,Industrials,Steel/Iron Ore
CSL,Carlisle Companies Incorporated Common Stock,$268.52,7.25,2.775%,13072467642.00,United States,,183206,Industrials,Specialty Chemicals
CSTM,Constellium SE Ordinary Shares (France),$17.57,0.45,2.629%,2535351000.00,Netherlands,2013,811063,Industrials,Metal Fabrications
CSWI,CSW Industrials Inc. Common Stock,$169.16,1.41,0.841%,2630564701.00,United States,,40518,Industrials,Home Furnishings
CSX,CSX Corporation Common Stock,$30.70,0.53,1.757%,60667222775.00,United States,,9920601,Industrials,Railroads
CVLG,Covenant Logistics Group Inc. Class A Common Stock,$40.43,0.86,2.173%,523436496.00,United States,,37689,Industrials,Trucking Freight/Courier Services
CVR,Chicago Rivet & Machine Co. Common Stock,$17.00,-0.50,-2.857%,16424244.00,United States,1930,261,Industrials,Industrial Machinery/Components
CVU,CPI Aerostructures Inc. Common Stock,$3.0201,0.0397,1.332%,38171781.00,United States,2022,10323,Industrials,Military/Government/Technical
CX,Cemex S.A.B. de C.V. Sponsored ADR,$6.94,0.12,1.76%,10209789828.00,Mexico,,2481520,Industrials,Building Materials
CXT,Crane NXT Co. Common Stock,$51.06,1.08,2.161%,2900368941.00,United States,,264014,Industrials,Metal Fabrications
CYD,China Yuchai International Limited Common Stock,$9.36,0.19,2.072%,382433594.00,Singapore,1994,39346,Industrials,Industrial Machinery/Components
DASH,DoorDash Inc. Class A Common Stock,$87.47,2.94,3.478%,34831315864.00,United States,,3497370,Industrials,Industrial Machinery/Components
DCI,Donaldson Company Inc. Common Stock,$60.02,0.98,1.66%,7276956064.00,United States,,282658,Industrials,Pollution Control Equipment
DCO,Ducommun Incorporated Common Stock,$47.77,0.50,1.058%,697269025.00,United States,,170598,Industrials,Military/Government/Technical
DD,DuPont de Nemours Inc. Common Stock,$68.74,0.91,1.342%,29561120900.00,United States,2017,3233331,Industrials,Major Chemicals
DE,Deere & Company Common Stock,$373.99,4.37,1.182%,107709335792.00,United States,,1310594,Industrials,Industrial Machinery/Components
DHR,Danaher Corporation Common Stock,$197.00,1.48,0.757%,145568640079.00,United States,,2104641,Industrials,Industrial Machinery/Components
DMAQ,Deep Medicine Acquisition Corp. Class A Common Stock,$11.65,0.00,0.00%,0.00,United States,2021,207,Industrials,Consumer Electronics/Appliances
DNMR,Danimer Scientific Inc. Common Stock,$1.56,-0.06,-3.704%,159175017.00,United States,2020,545025,Industrials,Plastic Products
DNOW,NOW Inc. Common Stock,$10.29,0.14,1.379%,1094147626.00,United States,2014,550372,Industrials,Metal Fabrications
DOV,Dover Corporation Common Stock,$131.63,0.84,0.642%,18413739655.00,United States,,700550,Industrials,Industrial Machinery/Components
DOW,Dow Inc. Common Stock ,$49.48,1.12,2.316%,34705123857.00,United States,2019,3824918,Industrials,Major Chemicals
DRQ,Dril-Quip Inc. Common Stock,$22.34,0.31,1.407%,763649404.00,United States,1997,273218,Industrials,Metal Fabrications
DRS,Leonardo DRS Inc. Common Stock,$19.80,0.21,1.072%,5194926158.00,Israel,,957086,Industrials,Military/Government/Technical
DSGR,Distribution Solutions Group Inc. Common Stock,$24.15,0.05,0.207%,1131330176.00,United States,,40532,Industrials,Industrial Machinery/Components
DSWL,Deswell Industries Inc. Common Shares,$2.23,0.00,0.00%,35535583.00,Macau,1995,1136,Industrials,Plastic Products
DTCK,Davis Commodities Limited Ordinary Shares,$1.67,-0.36,-17.734%,40643625.00,Singapore,2023,1280899,Industrials,Farming/Seeds/Milling
DTI,Drilling Tools International Corporation Common Stock,$3.68,0.0191,0.522%,109548330.00,United States,2021,1720,Industrials,Metal Fabrications
DXPE,DXP Enterprises Inc. Common Stock,$32.18,0.95,3.042%,538278529.00,United States,,59945,Industrials,Industrial Machinery/Components
DY,Dycom Industries Inc. Common Stock,$83.37,1.60,1.957%,2445526475.00,United States,,281515,Industrials,Water Sewer Pipeline Comm & Power Line Construction
ECVT,Ecovyst Inc. Common Stock,$8.83,0.02,0.227%,1025312183.00,United States,2017,729710,Industrials,Major Chemicals
EFXT,Enerflex Ltd Common Shares,$4.42,-0.13,-2.857%,547055890.00,Canada,2022,24185,Industrials,Industrial Machinery/Components
EH,EHang Holdings Limited ADS,$12.99,-0.09,-0.688%,756381382.00,China,2019,602072,Industrials,Military/Government/Technical
ELSE,Electro-Sensors Inc. Common Stock,$3.72,-0.28,-7.00%,12752238.00,United States,,462,Industrials,Industrial Machinery/Components
EME,EMCOR Group Inc. Common Stock,$210.68,1.59,0.76%,9911322619.00,United States,,154960,Industrials,Engineering & Construction
EMN,Eastman Chemical Company Common Stock,$77.13,0.96,1.26%,9144842323.00,United States,,669127,Industrials,Major Chemicals
ENOV,Enovis Corporation Common Stock,$47.86,0.54,1.141%,2612875684.00,United States,,449024,Industrials,Fluid Controls
EPAC,Enerpac Tool Group Corp. Common Stock,$28.03,0.06,0.215%,1523213520.00,United States,,365778,Industrials,Industrial Machinery/Components
ERJ,Embraer S.A. Common Stock,$15.61,0.44,2.90%,2866904533.00,Brazil,2000,1860678,Industrials,Aerospace
ESAB,ESAB Corporation Common Stock,$77.00,0.75,0.984%,4640872544.00,United States,2022,148512,Industrials,Office Equipment/Supplies/Services
ESI,Element Solutions Inc. Common Stock,$19.27,0.31,1.635%,4654019371.00,United States,2014,494992,Industrials,Major Chemicals
ESLT,Elbit Systems Ltd. Ordinary Shares,$189.87,-0.22,-0.116%,8420734500.00,Israel,,11059,Industrials,Military/Government/Technical
ESOA,Energy Services of America Corporation Common Stock,$4.78,0.08,1.702%,79191144.00,United States,,45580,Industrials,Water Sewer Pipeline Comm & Power Line Construction
ETN,Eaton Corporation PLC Ordinary Shares,$221.82,3.44,1.575%,88572726000.00,Ireland,,1629481,Industrials,Industrial Machinery/Components
EVC,Entravision Communications Corporation Common Stock,$3.95,0.21,5.615%,347587127.00,United States,2000,260983,Industrials,Broadcasting
EVEX,Eve Holding Inc. Common Stock,$7.04,-0.21,-2.897%,1896287508.00,,2022,42035,Industrials,Aerospace
EVGN,Evogene Ltd Ordinary Shares,$0.5652,0.0125,2.262%,23308848.00,Israel,,50353,Industrials,Agricultural Chemicals
EVI,EVI Industries Inc.  Common Stock,$24.48,0.36,1.493%,308109637.00,United States,1999,9688,Industrials,Industrial Machinery/Components
EVTL,Vertical Aerospace Ltd. Ordinary Shares,$0.8129,-0.0474,-5.51%,174131309.00,,2021,319688,Industrials,Aerospace
EXP,Eagle Materials Inc Common Stock,$167.79,2.67,1.617%,5853671105.00,United States,,153952,Industrials,Building Materials
EYPT,EyePoint Pharmaceuticals Inc. Common Stock,$6.40,-0.20,-3.03%,225980365.00,United States,,358609,Industrials,Biotechnology: Laboratory Analytical Instruments
FARO,FARO Technologies Inc. Common Stock,$17.04,0.27,1.61%,322980539.00,United States,1997,172182,Industrials,Industrial Machinery/Components
FAZE,FaZe Holdings Inc. Common Stock,$0.1791,0.0042,2.401%,13670647.00,United States,2021,216883,Industrials,Industrial Machinery/Components
FAZEW,FaZe Holdings Inc. Warrant,$0.0081,0.00,0.00%,618270.00,United States,2021,5,Industrials,Industrial Machinery/Components
FCUV,Focus Universal Inc. Common Stock,$1.62,-0.11,-6.358%,105011344.00,United States,,19131,Industrials,Industrial Machinery/Components
FEAM,5E Advanced Materials Inc. Common Stock,$2.00,-0.22,-9.91%,88436812.00,United States,,444573,Industrials,Major Chemicals
FEIM,Frequency Electronics Inc. Common Stock,$7.67,0.12,1.589%,72021653.00,United States,,5455,Industrials,Electrical Products
FENG,Phoenix New Media Limited American Depositary Shares each representing 48 Class A ordinary shares.,$1.23,0.00,0.00%,14922061.00,China,2011,8901,Industrials,Broadcasting
FET,Forum Energy Technologies Inc. Common Stock,$22.53,0.63,2.877%,229647794.00,United States,2012,29214,Industrials,Metal Fabrications
FF,FutureFuel Corp.  Common shares,$5.81,-0.47,-7.484%,254264442.00,United States,,1447351,Industrials,Major Chemicals
FGI,FGI Industries Ltd. Ordinary Shares,$1.50,-0.03,-1.961%,14250000.00,United States,2022,3428,Industrials,Industrial Specialties
FGIWW,FGI Industries Ltd. Warrant,$0.156,-0.044,-22.00%,1482000.00,United States,2022,7008,Industrials,Industrial Specialties
FIP,FTAI Infrastructure Inc. Common Stock ,$3.33,0.02,0.604%,331302985.00,United States,,220943,Industrials,Consumer Electronics/Appliances
FIX,Comfort Systems USA Inc. Common Stock,$187.68,2.42,1.306%,6702956479.00,United States,1997,168685,Industrials,Engineering & Construction
FLR,Fluor Corporation Common Stock,$36.19,1.76,5.112%,6165874507.00,United States,,2261213,Industrials,Military/Government/Technical
FLS,Flowserve Corporation Common Stock,$37.67,0.47,1.263%,4942629130.00,United States,,710851,Industrials,Fluid Controls
FMC,FMC Corporation Common Stock,$51.24,1.13,2.255%,6392645370.00,United States,,1859624,Industrials,Major Chemicals
FORD,Forward Industries Inc. Common Stock,$0.7225,0.0224,3.20%,7269206.00,United States,,29609,Industrials,Plastic Products
FOX,Fox Corporation Class B Common Stock,$28.08,0.38,1.372%,13557236453.00,United States,,801821,Industrials,Broadcasting
FOXA,Fox Corporation Class A Common Stock,$30.13,0.45,1.516%,14546991964.00,United States,,3589174,Industrials,Broadcasting
FRD,Friedman Industries Inc. Common Stock,$11.41,0.33,2.978%,84151968.00,United States,1975,15106,Industrials,Steel/Iron Ore
FRZA,Forza X1 Inc. Common Stock,$0.6556,0.0256,4.063%,10334059.00,United States,2022,13507,Industrials,Marine Transportation
FSI,Flexible Solutions International Inc. Common Stock (CDA),$1.88,0.01,0.535%,23378800.00,Canada,2002,11921,Industrials,Major Chemicals
FSTR,L.B. Foster Company Common Stock,$20.03,0.00,0.00%,221855645.00,United States,,15092,Industrials,Metal Fabrications
FTAI,FTAI Aviation Ltd. Common Stock,$41.07,1.08,2.701%,4116777740.00,United States,,1273116,Industrials,Misc Corporate Leasing Services
FTAIM,FTAI Aviation Ltd. 9.500% Fixed-Rate Reset Series D Cumulative Perpetual Redeemable Preferred Shares,$24.984,-0.016,-0.064%,,United States,,4216,Industrials,Misc Corporate Leasing Services
FTAIN,FTAI Aviation Ltd. 8.25% Fixed - Rate Reset Series C Cumulative Perpetual Redeemable Preferred Shares,$23.50,-0.19,-0.802%,2355594763.00,United States,,3353,Industrials,Misc Corporate Leasing Services
FTAIO,FTAI Aviation Ltd. 8.00% Fixed-to-Floating Rate Series B Cumulative Perpetual Redeemable Preferred Shares,$24.25,0.00,0.00%,2430773319.00,United States,,1873,Industrials,Misc Corporate Leasing Services
FTAIP,FTAI Aviation Ltd. 8.25% Fixed to Floating Rate Series A Cumulative Perpetual Redeemable Preferred Shares,$24.60,0.10,0.408%,2465856645.00,United States,,2218,Industrials,Misc Corporate Leasing Services
FTEK,Fuel Tech Inc. Common Stock,$1.05,0.00,0.00%,31904562.00,United States,,18920,Industrials,Pollution Control Equipment
FTI,TechnipFMC plc Ordinary Share,$21.55,0.65,3.11%,9384166620.00,,,3160866,Industrials,Metal Fabrications
FTK,Flotek Industries Inc. Common Stock,$4.00,0.05,1.266%,118651036.00,United States,,73210,Industrials,Major Chemicals
FTV,Fortive Corporation Common Stock ,$65.83,0.49,0.75%,23134871847.00,United States,2016,2074405,Industrials,Industrial Machinery/Components
FUBO,fuboTV Inc. Common Stock,$2.56,-0.08,-3.03%,749582134.00,United States,2020,16540732,Industrials,Broadcasting
FUL,H. B. Fuller Company Common Stock,$72.34,0.96,1.345%,3907915165.00,United States,,264573,Industrials,Home Furnishings
FWONA,Liberty Media Corporation Series A Liberty Formula One Common Stock,$60.58,2.23,3.822%,14210060561.00,United States,,105495,Industrials,Broadcasting
FWONK,Liberty Media Corporation Series C Liberty Formula One Common Stock,$67.85,2.05,3.116%,15915361655.00,United States,,918576,Industrials,Broadcasting
GBX,Greenbrier Companies Inc. (The) Common Stock,$36.34,0.56,1.565%,1131207728.00,United States,1994,279757,Industrials,Railroads
GD,General Dynamics Corporation Common Stock,$243.55,3.45,1.437%,66464030253.00,United States,,1102354,Industrials,Marine Transportation
GDC,GD Culture Group Limited Common Stock,$3.01,-0.11,-3.526%,9191225.00,China,2015,5047,Industrials,Steel/Iron Ore
GENC,Gencor Industries Inc. Common Stock,$14.04,0.17,1.226%,205794136.00,United States,,12355,Industrials,Construction/Ag Equipment/Trucks
GEOS,Geospace Technologies Corporation Common Stock (Texas),$11.84,0.56,4.965%,156151710.00,United States,,31509,Industrials,Industrial Machinery/Components
GETY,Getty Images Holdings Inc. Class A Common Stock,$4.00,-0.48,-10.714%,1595703288.00,United States,2022,283038,Industrials,Industrial Machinery/Components
GEVO,Gevo Inc. Common Stock,$1.10,0.04,3.774%,261143436.00,United States,2011,3330175,Industrials,Major Chemicals
GFF,Griffon Corporation Common Stock,$43.91,1.03,2.402%,2397658171.00,United States,,245317,Industrials,Building Products
GGB,Gerdau S.A. Common Stock,$4.82,0.22,4.783%,8065774456.00,Brazil,,9502494,Industrials,Steel/Iron Ore
GGG,Graco Inc. Common Stock,$77.87,1.23,1.605%,13143527634.00,United States,,695134,Industrials,Fluid Controls
GHM,Graham Corporation Common Stock,$17.22,0.37,2.196%,184301028.00,United States,1978,48755,Industrials,Industrial Machinery/Components
GIC,Global Industrial Company Common Stock,$36.38,0.40,1.112%,1384755369.00,United States,,34916,Industrials,Industrial Machinery/Components
GIFI,Gulf Island Fabrication Inc. Common Stock,$4.04,0.20,5.208%,65801375.00,United States,1997,46384,Industrials,Metal Fabrications
GLDD,Great Lakes Dredge & Dock Corporation Common Stock,$6.34,-0.06,-0.938%,422322965.00,United States,,617717,Industrials,Military/Government/Technical
GLLI,Globalink Investment Inc. Common Stock,$10.83,-0.0199,-0.183%,0.00,United States,2021,70008,Industrials,Consumer Electronics/Appliances
GLLIW,Globalink Investment Inc. Warrants,$0.0115,0.004,53.333%,0.00,United States,2021,3000,Industrials,Consumer Electronics/Appliances
GLST,Global Star Acquisition Inc. Class A Common Stock,$10.63,0.03,0.283%,0.00,United States,2022,200,Industrials,Consumer Electronics/Appliances
GLW,Corning Incorporated Common Stock,$27.68,0.61,2.253%,23615880651.00,United States,,4438165,Industrials,Telecommunications Equipment
GPP,Green Plains Partners LP Common Units,$12.94,-0.08,-0.614%,301046939.00,United States,2015,110978,Industrials,Major Chemicals
GPRE,Green Plains Inc. Common Stock,$26.03,-0.15,-0.573%,1549080154.00,United States,,1157219,Industrials,Major Chemicals
GRC,Gorman-Rupp Company (The) Common Stock,$30.66,0.38,1.255%,803107979.00,United States,1971,33752,Industrials,Fluid Controls
GRMN,Garmin Ltd. Common Stock (Switzerland),$116.62,1.26,1.092%,22313030200.00,Switzerland,2000,458242,Industrials,Industrial Machinery/Components
GTEC,Greenland Technologies Holding Corporation Ordinary Shares,$2.80,-0.15,-5.085%,36339811.00,China,2018,45325,Industrials,Industrial Machinery/Components
GTES,Gates Industrial Corporation plc Ordinary Shares,$11.37,0.19,1.699%,3002916840.00,,2018,808654,Industrials,Industrial Machinery/Components
GTLS,Chart Industries Inc. Common Stock,$115.01,-1.30,-1.118%,4916749151.00,United States,2006,735282,Industrials,Metal Fabrications
GTN,Gray Television Inc. Common Stock,$7.35,0.06,0.823%,701592986.00,United States,,880445,Industrials,Broadcasting
GURE,Gulf Resources Inc. (NV) Common Stock,$1.80,-0.002,-0.111%,18777463.00,China,,3539,Industrials,Major Chemicals
GVA,Granite Construction Incorporated Common Stock,$44.82,0.57,1.288%,1969091133.00,United States,,280839,Industrials,Military/Government/Technical
GWW,W.W. Grainger Inc. Common Stock,$792.25,10.52,1.346%,39322655338.00,United States,,232815,Industrials,Office Equipment/Supplies/Services
HAIN,Hain Celestial Group Inc. (The) Common Stock,$11.16,0.28,2.574%,1001152641.00,United States,,1968743,Industrials,Office Equipment/Supplies/Services
HBIO,Harvard Bioscience Inc. Common Stock,$4.00,-0.10,-2.439%,170752984.00,United States,2000,101776,Industrials,Biotechnology: Laboratory Analytical Instruments
HEES,H&E Equipment Services Inc. Common Stock,$43.16,1.25,2.983%,1573178806.00,United States,2006,132129,Industrials,Misc Corporate Leasing Services
HEI,Heico Corporation Common Stock,$165.33,2.81,1.729%,22846534746.00,United States,2000,228911,Industrials,Aerospace
HIHO,Highway Holdings Limited Common Stock,$2.01,0.01,0.50%,8120400.00,Hong Kong,,1083,Industrials,Metal Fabrications
HII,Huntington Ingalls Industries Inc. Common Stock,$229.93,1.79,0.785%,9133614238.00,United States,,197421,Industrials,Marine Transportation
HL,Hecla Mining Company Common Stock,$3.79,-0.11,-2.821%,2343102581.00,United States,,6080019,Industrials,Mining & Quarrying of Nonmetallic Minerals (No Fuels)
HLIO,Helios Technologies Inc. Common Stock,$41.23,-0.99,-2.345%,1362774736.00,United States,2021,157829,Industrials,Metal Fabrications
HLP,Hongli Group Inc. Ordinary Shares,$3.10,0.31,11.111%,31000000.00,China,2023,99692,Industrials,Industrial Machinery/Components
HOLI,Hollysys Automation Technologies Ltd. Common Shares (British Virgin Islands),$22.24,0.07,0.316%,1379367723.00,China,,181774,Industrials,Industrial Machinery/Components
HON,Honeywell International Inc. Common Stock,$186.71,3.03,1.65%,123088687741.00,United States,,2178437,Industrials,Aerospace
HRI,Herc Holdings Inc. Common Stock ,$118.23,3.34,2.907%,3342091472.00,United States,2016,110846,Industrials,Misc Corporate Leasing Services
HTLD,Heartland Express Inc. Common Stock,$12.46,0.16,1.301%,984682089.00,United States,1986,290111,Industrials,Trucking Freight/Courier Services
HUDI,Huadi International Group Co. Ltd. Ordinary Shares,$3.13,0.05,1.623%,44568633.00,China,2021,27987,Industrials,Steel/Iron Ore
HUN,Huntsman Corporation Common Stock,$24.55,0.40,1.656%,4278755744.00,United States,2005,2392182,Industrials,Major Chemicals
HURC,Hurco Companies Inc. Common Stock,$19.58,-0.12,-0.609%,126528662.00,United States,,9369,Industrials,Industrial Machinery/Components
HWM,Howmet Aerospace Inc. Common Stock,$49.55,0.79,1.62%,20401932741.00,United States,,2126702,Industrials,Metal Fabrications
HXL,Hexcel Corporation Common Stock,$64.89,1.07,1.677%,5457981868.00,United States,,382445,Industrials,Major Chemicals
HY,Hyster-Yale Materials Handling Inc. Class A Common Stock,$45.11,0.92,2.082%,775243769.00,United States,,46311,Industrials,Construction/Ag Equipment/Trucks
HYFM,Hydrofarm Holdings Group Inc. Common Stock,$0.8869,0.0869,10.863%,40395004.00,United States,2020,240551,Industrials,Industrial Machinery/Components
ICL,ICL Group Ltd. Ordinary Shares,$4.89,0.00,0.00%,6308100000.00,Israel,2014,943974,Industrials,Agricultural Chemicals
IESC,IES Holdings Inc. Common Stock,$61.68,0.59,0.966%,1245416593.00,United States,,25879,Industrials,Engineering & Construction
IEX,IDEX Corporation Common Stock,$191.72,1.47,0.773%,14498928337.00,United States,1989,481468,Industrials,Fluid Controls
IFF,International Flavors & Fragrances Inc. Common Stock,$71.74,0.20,0.28%,18313725073.00,United States,,2488245,Industrials,Major Chemicals
IIIN,Insteel Industries Inc. Common Stock,$29.72,0.31,1.054%,578180310.00,United States,,63480,Industrials,Steel/Iron Ore
IONQ,IonQ Inc. Common Stock,$10.66,-0.57,-5.076%,2159666516.00,United States,2021,11866390,Industrials,Wholesale Distributors
IOSP,Innospec Inc. Common Stock,$101.52,0.60,0.595%,2524375914.00,United States,,114329,Industrials,Major Chemicals
IPI,Intrepid Potash Inc Common Stock,$18.28,-0.26,-1.402%,240609860.00,United States,2008,180328,Industrials,Mining & Quarrying of Nonmetallic Minerals (No Fuels)
IPWR,Ideal Power Inc. Common Stock,$7.802,-0.128,-1.614%,46331849.00,United States,2013,8634,Industrials,Industrial Machinery/Components
IR,Ingersoll Rand Inc. Common Stock,$68.34,1.31,1.954%,27663825340.00,United States,2017,2520776,Industrials,Industrial Machinery/Components
ITRI,Itron Inc. Common Stock,$63.34,0.69,1.101%,2881512052.00,United States,1993,218095,Industrials,Electrical Products
ITT,ITT Inc. Common Stock ,$102.81,2.27,2.258%,8440701000.00,United States,2011,491632,Industrials,Fluid Controls
ITW,Illinois Tool Works Inc. Common Stock,$232.49,3.99,1.746%,69952958241.00,United States,,1178275,Industrials,Industrial Machinery/Components
J,Jacobs Solutions Inc. Common Stock,$133.94,1.70,1.286%,16865396647.00,United States,2022,497165,Industrials,Military/Government/Technical
JBHT,J.B. Hunt Transport Services Inc. Common Stock,$173.82,2.06,1.199%,17928282365.00,United States,,549005,Industrials,Trucking Freight/Courier Services
JBI,Janus International Group Inc. Common Stock,$10.02,0.24,2.454%,1471220748.00,United States,2021,586368,Industrials,Building Products
JBT,John Bean Technologies Corporation Common Stock,$103.31,0.00,0.00%,3289260849.00,United States,,126091,Industrials,Industrial Machinery/Components
JCI,Johnson Controls International plc Ordinary Share,$51.25,1.00,1.99%,34866401743.00,Switzerland,,2815123,Industrials,Industrial Machinery/Components
JHX,James Hardie Industries plc American Depositary Shares (Ireland),$29.23,-0.38,-1.283%,12921305532.00,Ireland,,57027,Industrials,Building Materials
KAI,Kadant Inc Common Stock,$248.00,2.55,1.039%,2903359808.00,United States,1992,43335,Industrials,Industrial Machinery/Components
KALU,Kaiser Aluminum Corporation Common Stock,$55.73,-0.50,-0.889%,892486636.00,United States,,145843,Industrials,Metal Fabrications
KAMN,Kaman Corporation Common Stock,$19.75,0.16,0.817%,558063683.00,United States,,128528,Industrials,Military/Government/Technical
KBR,KBR Inc. Common Stock,$52.64,0.11,0.209%,7106630774.00,United States,2006,1424932,Industrials,Military/Government/Technical
KEQU,Kewaunee Scientific Corporation Common Stock,$18.01,0.00,0.00%,52302733.00,United States,,937,Industrials,Medical Specialities
KEYS,Keysight Technologies Inc. Common Stock,$124.25,2.34,1.919%,22063651754.00,United States,2014,2118306,Industrials,Industrial Machinery/Components
KITT,Nauticus Robotics Inc. Common stock,$1.75,-0.05,-2.778%,87186607.00,United States,2021,12597,Industrials,Industrial Machinery/Components
KITTW,Nauticus Robotics Inc. Warrant,$0.24,0.02,9.091%,11957020.00,United States,2021,1100,Industrials,Industrial Machinery/Components
KMT,Kennametal Inc. Common Stock,$22.82,0.26,1.152%,1816547420.00,United States,,507965,Industrials,Industrial Machinery/Components
KNW,Know Labs Inc. Common Stock,$0.3945,0.0555,16.372%,20655414.00,,2022,1126985,Industrials,Industrial Machinery/Components
KNX,Knight-Swift Transportation Holdings Inc.,$49.87,0.27,0.544%,8047472030.00,United States,2017,1618401,Industrials,Trucking Freight/Courier Services
KRNT,Kornit Digital Ltd. Ordinary Shares,$16.04,0.29,1.841%,802000000.00,Israel,2015,868072,Industrials,Industrial Machinery/Components
KRO,Kronos Worldwide Inc Common Stock,$7.78,0.29,3.872%,894910184.00,United States,,136015,Industrials,Major Chemicals
KRT,Karat Packaging Inc. Common Stock,$18.83,-3.12,-14.214%,374491774.00,United States,2021,365699,Industrials,Plastic Products
KTOS,Kratos Defense & Security Solutions Inc. Common Stock,$17.48,0.32,1.865%,2253847113.00,United States,,660182,Industrials,Military/Government/Technical
KWR,Quaker Houghton Common Stock,$164.05,4.83,3.034%,2950425470.00,United States,,73321,Industrials,Major Chemicals
LAB,Standard BioTools Inc. Common Stock,$2.18,0.15,7.389%,173081176.00,United States,2011,614851,Industrials,Biotechnology: Laboratory Analytical Instruments
LASE,Laser Photonics Corporation Common Stock,$0.8298,0.0398,5.038%,6848687.00,United States,2022,26630,Industrials,Industrial Machinery/Components
LECO,Lincoln Electric Holdings Inc. Common Shares,$187.34,3.28,1.782%,10715798542.00,United States,,242371,Industrials,Industrial Machinery/Components
LEU,Centrus Energy Corp. Class A Common Stock,$50.53,-0.09,-0.178%,784551771.00,United States,2014,115531,Industrials,Mining & Quarrying of Nonmetallic Minerals (No Fuels)
LGO,Largo Inc. Common Shares,$2.00,0.00,0.00%,128100000.00,Canada,,82088,Industrials,Mining & Quarrying of Nonmetallic Minerals (No Fuels)
LHX,L3Harris Technologies Inc. Common Stock,$182.17,1.41,0.78%,34528547160.00,United States,,790719,Industrials,Industrial Machinery/Components
LII,Lennox International Inc. Common Stock,$396.61,8.68,2.238%,14095410332.00,United States,1999,205434,Industrials,Industrial Machinery/Components
LILM,Lilium NV Class A Ordinary Shares,$0.809,-0.051,-5.93%,303108030.00,Germany,,3515373,Industrials,Aerospace
LILMW,Lilium N.V. Warrants,$0.09,0.00,0.00%,35395550.00,Germany,,19418,Industrials,Aerospace
LIN,Linde plc Ordinary Shares,$399.84,8.86,2.266%,193878611922.00,United States,,1377233,Industrials,Major Chemicals
LLAP,Terran Orbital Corporation Common Stock,$0.7465,-0.0735,-8.963%,128680067.00,United States,2021,3133544,Industrials,Military/Government/Technical
LLYVA,Liberty Media Corporation Series A Liberty Live Common Stock,$34.32,0.07,0.204%,3146560732.00,United States,,94918,Industrials,Broadcasting
LLYVK,Liberty Media Corporation Series C Liberty Live Common Stock,$35.16,0.12,0.342%,3223574456.00,United States,,172058,Industrials,Broadcasting
LMT,Lockheed Martin Corporation Common Stock,$444.87,2.41,0.545%,110371675342.00,United States,,1404831,Industrials,Military/Government/Technical
LNN,Lindsay Corporation Common Stock,$122.92,1.64,1.352%,1353386936.00,United States,,40951,Industrials,Industrial Machinery/Components
LNZA,LanzaTech Global Inc. Common Stock,$3.84,-0.07,-1.79%,751390088.00,United States,2021,215988,Industrials,Major Chemicals
LNZAW,LanzaTech Global Inc. Warrant,$0.4132,-0.047,-10.213%,80852704.00,United States,2021,11501,Industrials,Major Chemicals
LODE,Comstock Inc. Common Stock,$0.4683,-0.0153,-3.164%,54852084.00,United States,,321094,Industrials,Major Chemicals
LOMA,Loma Negra Compania Industrial Argentina Sociedad Anonima ADS,$6.05,0.10,1.681%,706245734.00,Argentina,2017,128444,Industrials,Building Materials
LOOP,Loop Industries Inc. Common Stock,$3.16,-0.04,-1.25%,150166951.00,Canada,,31971,Industrials,Major Chemicals
LPTV,Loop Media Inc. Common Stock,$0.3793,-0.0047,-1.224%,22520202.00,United States,2022,114863,Industrials,Broadcasting
LSTR,Landstar System Inc. Common Stock,$169.09,2.75,1.653%,6078167307.00,United States,1993,150428,Industrials,Trucking Freight/Courier Services
LSXMK,Liberty Media Corporation Series C Liberty SiriusXM Common Stock,$25.435,0.335,1.335%,8306509319.00,United States,,548402,Industrials,Broadcasting
LTHM,Livent Corporation Common Stock,$13.75,-0.49,-3.441%,2471086599.00,United States,2018,5403319,Industrials,Major Chemicals
LUNR,Intuitive Machines Inc. Class A Common Stock,$2.85,-0.16,-5.316%,247119003.00,United States,2021,302856,Industrials,Industrial Machinery/Components
LUNRW,Intuitive Machines Inc. Warrants,$0.25,-0.0025,-0.99%,21677106.00,United States,2021,64585,Industrials,Industrial Machinery/Components
LWLG,Lightwave Logic Inc. Common Stock,$4.69,0.39,9.07%,546205087.00,United States,,659645,Industrials,Plastic Products
LXFR,Luxfer Holdings PLC Ordinary Shares,$7.98,-0.15,-1.845%,214430309.00,United Kingdom,2012,340767,Industrials,Major Chemicals
LXU,LSB Industries Inc. Common Stock,$8.21,0.01,0.122%,610366999.00,United States,2003,544675,Industrials,Major Chemicals
LYB,LyondellBasell Industries NV Ordinary Shares Class A (Netherlands),$93.82,1.97,2.145%,30431621543.00,Netherlands,,1550502,Industrials,Major Chemicals
MAS,Masco Corporation Common Stock,$56.17,0.68,1.225%,12610216171.00,United States,,1486012,Industrials,Industrial Specialties
MAX,MediaAlpha Inc. Class A Common Stock,$9.19,-0.11,-1.183%,598168820.00,United States,2020,273379,Industrials,Industrial Machinery/Components
MBC,MasterBrand Inc. Common Stock,$12.31,0.52,4.411%,1560444085.00,United States,2022,612943,Industrials,Agricultural Chemicals
MBUU,Malibu Boats Inc. Class A Common Stock,$43.21,0.61,1.432%,881367981.00,United States,2014,151937,Industrials,Marine Transportation
MCFT,MasterCraft Boat Holdings Inc. Common Stock,$19.95,-0.20,-0.993%,344260013.00,United States,2015,130326,Industrials,Marine Transportation
MDU,MDU Resources Group Inc. Common Stock (Holding Company),$18.34,0.20,1.103%,3734727761.00,United States,,739593,Industrials,Mining & Quarrying of Nonmetallic Minerals (No Fuels)
MEC,Mayville Engineering Company Inc. Common Stock,$11.41,0.45,4.106%,231718342.00,United States,2019,46127,Industrials,Industrial Specialties
MEOH,Methanex Corporation Common Stock,$42.23,0.83,2.005%,2845351487.00,Canada,,199273,Industrials,Major Chemicals
MIDD,Middleby Corporation (The) Common Stock,$120.21,1.55,1.306%,6443619755.00,United States,,491885,Industrials,Industrial Machinery/Components
MIND,MIND Technology Inc. Common Stock (DE),$4.65,0.07,1.528%,6411764.00,United States,1994,15661,Industrials,Industrial Machinery/Components
MINDP,MIND Technology Inc. Series A 9.00% Series A Cumulative Preferred Stock (DE),$12.05,-0.29,-2.35%,16615432.00,United States,,1712,Industrials,Industrial Machinery/Components
MKSI,MKS Instruments Inc. Common Stock,$70.96,3.27,4.831%,4745698005.00,United States,1999,651751,Industrials,Industrial Machinery/Components
MLAB,Mesa Laboratories Inc. Common Stock,$85.04,-0.62,-0.724%,458512379.00,United States,,34568,Industrials,Industrial Machinery/Components
MLI,Mueller Industries Inc. Common Stock,$38.29,0.58,1.538%,4347041109.00,United States,,501704,Industrials,Metal Fabrications
MLM,Martin Marietta Materials Inc. Common Stock,$453.87,2.82,0.625%,28052416163.00,United States,1994,350080,Industrials,Mining & Quarrying of Nonmetallic Minerals (No Fuels)
MNTS,Momentus Inc. Class A Common Stock,$3.13,-0.21,-6.287%,6126459.00,United States,2019,540028,Industrials,Military/Government/Technical
MNTSW,Momentus Inc. Warrant,$0.0293,-0.0005,-1.678%,57350.00,United States,2019,5031,Industrials,Military/Government/Technical
MOS,Mosaic Company (The) Common Stock,$33.64,0.02,0.059%,10994744706.00,United States,,3193571,Industrials,Agricultural Chemicals
MPX,Marine Products Corporation Common Stock,$9.44,0.12,1.288%,325365893.00,United States,2001,64950,Industrials,Marine Transportation
MRC,MRC Global Inc. Common Stock,$10.50,0.18,1.744%,885169971.00,United States,2012,474591,Industrials,Industrial Machinery/Components
MRTN,Marten Transport Ltd. Common Stock,$18.10,0.36,2.029%,1471692321.00,United States,1986,270431,Industrials,Trucking Freight/Courier Services
MSB,Mesabi Trust Common Stock,$18.92,-0.10,-0.526%,248230589.00,United States,,5963,Industrials,Precious Metals
MSM,MSC Industrial Direct Company Inc. Common Stock,$98.58,0.92,0.942%,5642863915.00,United States,1995,318068,Industrials,Industrial Machinery/Components
MT,Arcelor Mittal NY Registry Shares NEW,$21.90,-0.18,-0.815%,17636900645.00,Luxembourg,,3223942,Industrials,Steel/Iron Ore
MTD,Mettler-Toledo International Inc. Common Stock,$1044.11,19.56,1.909%,22829275122.00,Switzerland,1997,278064,Industrials,Biotechnology: Laboratory Analytical Instruments
MTRN,Materion Corporation,$106.12,1.57,1.502%,2190571064.00,United States,,54313,Industrials,Industrial Specialties
MTW,Manitowoc Company Inc. (The) Common Stock,$14.10,0.55,4.059%,494698923.00,United States,,273230,Industrials,Construction/Ag Equipment/Trucks
MTX,Minerals Technologies Inc. Common Stock,$59.29,0.78,1.333%,1929525459.00,United States,1992,147461,Industrials,Major Chemicals
MTZ,MasTec Inc. Common Stock,$49.26,1.66,3.487%,3882826793.00,United States,,1320507,Industrials,Water Sewer Pipeline Comm & Power Line Construction
MVSTW,Microvast Holdings Inc. Warrants,$0.165,0.0051,3.189%,52190773.00,United States,2019,18306,Industrials,Industrial Machinery/Components
MWA,MUELLER WATER PRODUCTS Common Stock,$12.87,0.11,0.862%,2013967806.00,United States,2006,661213,Industrials,Metal Fabrications
MYRG,MYR Group Inc. Common Stock,$115.34,1.41,1.238%,1927277652.00,United States,2008,69577,Industrials,Water Sewer Pipeline Comm & Power Line Construction
NAUT,Nautilus Biotechnolgy Inc. Common Stock,$2.65,0.05,1.923%,95638442.00,United States,2020,191375,Industrials,Biotechnology: Laboratory Analytical Instruments
NDSN,Nordson Corporation Common Stock,$225.11,3.64,1.644%,12834533420.00,United States,,137387,Industrials,Industrial Machinery/Components
NETC,Nabors Energy Transition Corp. Class A Common Stock,$10.96,0.00,0.00%,0.00,,2022,9,Industrials,Consumer Electronics/Appliances
NEU,NewMarket Corp Common Stock,$499.86,4.04,0.815%,4793732879.00,United States,,24079,Industrials,Major Chemicals
NGVT,Ingevity Corporation Common Stock ,$37.93,0.51,1.363%,1374251919.00,United States,2016,215282,Industrials,Major Chemicals
NISN,NiSun International Enterprise Development Group Co. Ltd. Class A Common Shares,$2.29,-0.01,-0.435%,8586850.00,China,2016,98296,Industrials,Metal Fabrications
NL,NL Industries Inc. Common Stock,$4.87,0.00,0.00%,237819067.00,United States,,14595,Industrials,Major Chemicals
NN,NextNav Inc. Common Stock,$4.60,-0.25,-5.155%,506624951.00,United States,,437452,Industrials,Industrial Machinery/Components
NNAVW,NextNav Inc. Warrant,$1.10,0.00,0.00%,121149445.00,United States,,176302,Industrials,Industrial Machinery/Components
NNBR,NN Inc. Common Stock,$2.25,0.06,2.74%,106543823.00,United States,1994,30964,Industrials,Industrial Machinery/Components
NOC,Northrop Grumman Corporation Common Stock,$463.27,2.18,0.473%,69857690118.00,United States,,700580,Industrials,Industrial Machinery/Components
NOV,NOV Inc. Common Stock,$19.30,0.43,2.279%,7602791023.00,United States,,3945045,Industrials,Metal Fabrications
NPK,National Presto Industries Inc. Common Stock,$78.32,-0.43,-0.546%,554457903.00,United States,,15521,Industrials,Ordnance And Accessories
NR,Newpark Resources Inc. Common Stock,$6.95,0.03,0.434%,591362733.00,United States,,897648,Industrials,Metal Fabrications
NSC,Norfolk Southern Corporation Common Stock,$196.88,3.07,1.584%,44521721438.00,United States,,1214323,Industrials,Railroads
NTIC,Northern Technologies International Corporation Common Stock,$12.29,0.25,2.076%,115156354.00,United States,,3402,Industrials,Industrial Specialties
NTR,Nutrien Ltd. Common Shares,$53.55,-0.74,-1.363%,26482196418.00,Canada,2004,1702886,Industrials,Agricultural Chemicals
NUE,Nucor Corporation Common Stock,$152.62,1.46,0.966%,37519948027.00,United States,,915081,Industrials,Steel/Iron Ore
NVT,nVent Electric plc Ordinary Shares ,$51.28,1.34,2.683%,8507957309.00,United Kingdom,2018,1430776,Industrials,Industrial Machinery/Components
NWL,Newell Brands Inc. Common Stock,$6.84,0.12,1.786%,2833128000.00,United States,,4000739,Industrials,Plastic Products
NWPX,Northwest Pipe Company Common Stock,$26.30,0.47,1.82%,263373355.00,United States,1995,25731,Industrials,Steel/Iron Ore
NX,Quanex Building Products Corporation Common Stock,$28.84,0.65,2.306%,951325815.00,United States,,85692,Industrials,Metal Fabrications
NXST,Nexstar Media Group Inc. Common Stock,$146.34,2.10,1.456%,4965464881.00,United States,2003,243523,Industrials,Broadcasting
OB,Outbrain Inc. Common Stock,$3.63,0.08,2.254%,182064153.00,United States,2021,80854,Industrials,Industrial Machinery/Components
OC,Owens Corning Inc Common Stock New,$124.30,2.58,2.12%,11047157031.00,United States,,629492,Industrials,Industrial Machinery/Components
OCC,Optical Cable Corporation Common Stock,$2.54,-0.12,-4.511%,20049950.00,United States,,7602,Industrials,Telecommunications Equipment
ODFL,Old Dominion Freight Line Inc. Common Stock,$392.63,7.03,1.823%,42841293970.00,United States,1991,583152,Industrials,Trucking Freight/Courier Services
OEC,Orion S.A. Common Shares,$22.15,1.16,5.526%,1285677701.00,Luxembourg,2014,349578,Industrials,Major Chemicals
OFLX,Omega Flex Inc. Common Stock,$64.93,-0.31,-0.475%,655424327.00,United States,,6035,Industrials,Industrial Specialties
OIS,Oil States International Inc. Common Stock,$7.12,0.05,0.707%,454890933.00,United States,2001,495772,Industrials,Metal Fabrications
OLK,Olink Holding AB (publ) American Depositary Shares,$24.84,0.11,0.445%,2958397251.00,Sweden,2021,1822949,Industrials,Biotechnology: Laboratory Analytical Instruments
OLN,Olin Corporation Common Stock,$43.77,0.91,2.123%,5363995861.00,United States,,738507,Industrials,Major Chemicals
ORGN,Origin Materials Inc. Common Stock,$0.8825,-0.1975,-18.287%,126652529.00,United States,2020,5071016,Industrials,Major Chemicals
ORGNW,Origin Materials Inc. Warrants,$0.0584,0.0034,6.182%,8381312.00,United States,2020,489586,Industrials,Major Chemicals
ORN,Orion Group Holdings Inc. Common,$4.93,0.26,5.567%,160181172.00,United States,,129057,Industrials,Military/Government/Technical
PACB,Pacific Biosciences of California Inc. Common Stock,$6.52,0.00,0.00%,1743734143.00,United States,2010,4994106,Industrials,Biotechnology: Laboratory Analytical Instruments
PARA,Paramount Global Class B Common Stock,$12.10,-0.03,-0.247%,7882017295.00,United States,,9586447,Industrials,Broadcasting
PARAA,Paramount Global Class A Common Stock,$15.68,0.01,0.064%,10214052164.00,United States,,57555,Industrials,Broadcasting
PARAP,Paramount Global 5.75% Series A Mandatory Convertible Preferred Stock,$16.8753,0.1653,0.989%,10992678219.00,United States,,32670,Industrials,Broadcasting
PATI,Patriot Transportation Holding Inc. Common Stock,$15.69,0.0299,0.191%,55330612.00,United States,,24124,Industrials,Trucking Freight/Courier Services
PBAX,Phoenix Biotech Acquisition Corp. Class A Common Stock,$10.88,0.01,0.092%,0.00,United States,2021,100,Industrials,Consumer Electronics/Appliances
PBAXW,Phoenix Biotech Acquisition Corp. Warrants,$0.03,0.00,0.00%,0.00,United States,2021,50100,Industrials,Consumer Electronics/Appliances
PEGY,Pineapple Energy Inc. Common Stock,$0.7397,-0.0913,-10.987%,7422025.00,United States,,360638,Industrials,Metal Fabrications
PESI,Perma-Fix Environmental Services Inc. Common Stock,$7.76,0.70,9.915%,105639472.00,United States,,84976,Industrials,Environmental Services
PETZ,TDH Holdings Inc. Common Shares,$1.36,0.01,0.741%,14035200.00,China,2017,3228,Industrials,Steel/Iron Ore
PFIE,Profire Energy Inc. Common Stock,$2.02,0.19,10.383%,96127663.00,United States,,447522,Industrials,Metal Fabrications
PFIN,P & F Industries Inc. Class A Common Stock,$12.83,-0.0108,-0.084%,40987988.00,United States,,9983,Industrials,Industrial Machinery/Components
PGTI,PGT Innovations Inc.,$30.26,0.41,1.374%,1726329823.00,United States,2006,251605,Industrials,Building Products
PH,Parker-Hannifin Corporation Common Stock,$419.45,6.63,1.606%,53889184377.00,United States,,505164,Industrials,Metal Fabrications
PKE,Park Aerospace Corp. Common Stock,$14.90,0.19,1.292%,301726654.00,United States,,32632,Industrials,Military/Government/Technical
PKOH,Park-Ohio Holdings Corp. Common Stock,$23.92,-0.34,-1.401%,313071610.00,United States,,87090,Industrials,Industrial Specialties
PKX,POSCO Holdings Inc. American Depositary Shares (Each representing 1/4th of a share of Common Stock),$86.47,-0.62,-0.712%,26234713341.00,South Korea,1994,151292,Industrials,Steel/Iron Ore
PL,Planet Labs PBC Class A Common Stock,$2.17,0.07,3.333%,619881753.00,United States,2021,1011306,Industrials,Aerospace
PLL,Piedmont Lithium Inc. Common Stock,$25.635,-1.305,-4.844%,492086615.00,United States,,403255,Industrials,Mining & Quarrying of Nonmetallic Minerals (No Fuels)
PLOW,Douglas Dynamics Inc. Common Stock,$26.48,0.25,0.953%,608615393.00,United States,2010,52176,Industrials,Construction/Ag Equipment/Trucks
PLPC,Preformed Line Products Company Common Stock,$123.15,3.57,2.985%,602630707.00,United States,,10638,Industrials,Water Sewer Pipeline Comm & Power Line Construction
PNR,Pentair plc. Ordinary Share,$61.40,0.70,1.153%,10149356083.00,Switzerland,,1328864,Industrials,Industrial Machinery/Components
POWW,AMMO Inc. Common Stock,$2.18,-0.33,-13.147%,257148268.00,United States,,2408279,Industrials,Ordnance And Accessories
POWWP,AMMO Inc. 8.75% Series A Cumulative Redeemable Perpetual Preferred Stock,$25.28,0.12,0.477%,2981976243.00,United States,,9303,Industrials,Ordnance And Accessories
PPIH,Perma-Pipe International Holdings Inc. Common Stock,$6.33,-0.10,-1.555%,51041961.00,United States,,1402,Industrials,Pollution Control Equipment
PPSI,Pioneer Power Solutions Inc. Common Stock,$6.26,0.08,1.294%,62659752.00,United States,,30981,Industrials,Electrical Products
PRE,Prenetics Global Limited Class A Ordinary Share,$0.34,0.007,2.102%,46574257.00,Hong Kong,,193548,Industrials,Biotechnology: Laboratory Analytical Instruments
PRENW,Prenetics Global Limited Warrant,$0.0195,0.00,0.00%,2671171.00,Hong Kong,,400,Industrials,Biotechnology: Laboratory Analytical Instruments
PRIM,Primoris Services Corporation Common Stock,$30.47,0.08,0.263%,1625891723.00,United States,,409542,Industrials,Water Sewer Pipeline Comm & Power Line Construction
PRLB,Proto Labs Inc. Common stock,$34.58,0.74,2.187%,891676526.00,United States,2012,199717,Industrials,Office Equipment/Supplies/Services
PRPO,Precipio Inc.  Common Stock,$8.1874,0.3174,4.033%,11283179.00,United States,,3466,Industrials,Biotechnology: Laboratory Analytical Instruments
PTSI,P.A.M. Transportation Services Inc. Common Stock,$18.05,0.32,1.805%,397485205.00,United States,1986,8875,Industrials,Trucking Freight/Courier Services
PWR,Quanta Services Inc. Common Stock,$174.07,4.50,2.654%,25289740802.00,United States,,1405829,Industrials,Engineering & Construction
QTRX,Quanterix Corporation Common Stock,$20.50,0.02,0.098%,775509793.00,United States,2017,381874,Industrials,Biotechnology: Laboratory Analytical Instruments
RAIL,FreightCar America Inc. Common Stock,$2.37,0.10,4.405%,42431146.00,United States,2005,58478,Industrials,Railroads
RBC,RBC Bearings Incorporated Common Stock,$228.72,7.07,3.19%,6645713479.00,United States,2022,179954,Industrials,Metal Fabrications
RBCP,RBC Bearings Incorporated 5.00% Series A Mandatory Convertible Preferred Stock,$105.86,0.00,0.00%,3075879805.00,United States,2022,35015,Industrials,Metal Fabrications
RCAT,Red Cat Holdings Inc. Common Stock,$0.88,0.00,0.00%,48964965.00,United States,,60378,Industrials,Wholesale Distributors
RDW,Redwire Corporation Common Stock,$2.44,-0.06,-2.40%,158111612.00,United States,2021,172804,Industrials,Military/Government/Technical
RETO,ReTo Eco-Solutions Inc. Common Shares,$0.6601,-0.0001,-0.015%,3551338.00,China,2017,36710,Industrials,Industrial Machinery/Components
REX,REX American Resources Corporation,$36.87,0.62,1.71%,645363078.00,United States,,74140,Industrials,Major Chemicals
REYN,Reynolds Consumer Products Inc. Common Stock,$27.15,0.07,0.258%,5701750622.00,United States,2020,219367,Industrials,Office Equipment/Supplies/Services
REZI,Resideo Technologies Inc. Common Stock ,$15.80,0.29,1.87%,2308190274.00,United States,2018,973275,Industrials,Wholesale Distributors
RGLD,Royal Gold Inc. Common Stock,$107.13,1.00,0.942%,7037585246.00,United States,,402124,Industrials,Precious Metals
RGR,Sturm Ruger & Company Inc. Common Stock,$45.14,0.93,2.104%,800001865.00,United States,,147307,Industrials,Ordnance And Accessories
RKDA,Arcadia Biosciences Inc. Common Stock,$3.1375,-0.1125,-3.462%,45211824.00,United States,2015,6176,Industrials,Agricultural Chemicals
RKLB,Rocket Lab USA Inc. Common Stock,$4.37,0.09,2.103%,2123326159.00,United States,2020,2540965,Industrials,Aerospace
RNW,ReNew Energy Global plc Class A Ordinary Shares,$5.74,-0.11,-1.88%,459437504.00,United Kingdom,,453945,Industrials,Environmental Services
RNWWW,ReNew Energy Global plc Warrant,$0.5725,0.00,0.00%,45823688.00,United Kingdom,,2,Industrials,Environmental Services
ROAD,Construction Partners Inc. Class A Common Stock,$39.54,0.44,1.125%,2084818502.00,United States,2018,182981,Industrials,Engineering & Construction
ROCK,Gibraltar Industries Inc. Common Stock,$66.25,0.66,1.006%,2016414018.00,United States,1993,136233,Industrials,Steel/Iron Ore
ROK,Rockwell Automation Inc. Common Stock,$258.43,1.32,0.513%,29634822703.00,United States,,1097585,Industrials,Industrial Machinery/Components
ROP,Roper Technologies Inc. Common Stock,$517.15,7.41,1.454%,55243057807.00,United States,1992,534939,Industrials,Industrial Machinery/Components
RS,Reliance Steel & Aluminum Co. Common Stock (DE),$267.21,2.74,1.036%,15356887101.00,United States,1994,127913,Industrials,Metal Fabrications
RTC,Baijiayun Group Ltd. Class A Ordinary Shares,$3.42,0.00,0.00%,99864000.00,China,2006,1549,Industrials,Specialty Chemicals
RTX,RTX Corporation Common Stock,$82.22,-0.21,-0.255%,118224243570.00,United States,,9642772,Industrials,Aerospace
RVTY,Revvity Inc. Common Stock,$84.49,0.33,0.392%,10426681763.00,United States,,862764,Industrials,Biotechnology: Laboratory Analytical Instruments
RYI,Ryerson Holding Corporation Common Stock,$28.20,0.69,2.508%,963631619.00,United States,2014,213364,Industrials,Metal Fabrications
SAIA,Saia Inc. Common Stock,$395.92,12.84,3.352%,10510859217.00,United States,,285274,Industrials,Trucking Freight/Courier Services
SBGI,Sinclair Inc. Class A Common Stock,$13.59,0.18,1.342%,861936441.00,United States,1995,362364,Industrials,Broadcasting
SDPI,Superior Drilling Products Inc. Common Stock,$0.6501,-0.001,-0.154%,19761690.00,,2014,123433,Industrials,Metal Fabrications
SEAT,Vivid Seats Inc. Class A Common Stock,$7.37,-0.04,-0.54%,1447539268.00,United States,,784508,Industrials,Industrial Machinery/Components
SEATW,Vivid Seats Inc. Warrant,$1.41,0.01,0.714%,276937635.00,United States,,1004,Industrials,Industrial Machinery/Components
SEB,Seaboard Corporation Common Stock,$3505.00,26.81,0.771%,3403547775.00,United States,1996,1075,Industrials,Farming/Seeds/Milling
SEE,Sealed Air Corporation Common Stock,$32.34,-0.22,-0.676%,4671047757.00,United States,,1645003,Industrials,Major Chemicals
SENS,Senseonics Holdings Inc. Common Stock,$0.5231,0.0102,1.989%,257836503.00,United States,,2482254,Industrials,Industrial Machinery/Components
SFWL,Shengfeng Development Limited Class A Ordinary Shares,$9.32,-2.32,-19.931%,377646400.00,China,2023,608761,Industrials,Trucking Freight/Courier Services
SID,Companhia Siderurgica Nacional S.A. Common Stock,$2.54,0.06,2.419%,3368278625.00,Brazil,,1410231,Industrials,Steel/Iron Ore
SIF,SIFCO Industries Inc. Common Stock,$4.41,-0.0614,-1.373%,26932523.00,United States,1969,2035,Industrials,Aerospace
SIM,Grupo Simec S.A.B. de C.V. American Depositary Shares,$32.40,0.00,0.00%,4991067590.00,Mexico,1998,259,Industrials,Steel/Iron Ore
SKYH,Sky Harbour Group Corporation Class A Common Stock,$8.19,0.79,10.676%,469198941.00,,2022,57808,Industrials,Military/Government/Technical
SLCA,U.S. Silica Holdings Inc. Common Stock,$10.87,0.39,3.721%,838668458.00,United States,2012,719004,Industrials,Mining & Quarrying of Nonmetallic Minerals (No Fuels)
SLGN,Silgan Holdings Inc. Common Stock,$40.91,-0.22,-0.535%,4356851017.00,United States,2022,336596,Industrials,Containers/Packaging
SLI,Standard Lithium Ltd. Common Shares,$2.62,-0.03,-1.132%,452610764.00,Canada,2021,886302,Industrials,Major Chemicals
SLND,Southland Holdings Inc. Common Stock,$6.08,0.43,7.611%,290965173.00,United States,,41588,Industrials,Military/Government/Technical
SMG,Scotts Miracle-Gro Company (The) Common Stock,$50.00,1.41,2.902%,2807807550.00,United States,1992,503471,Industrials,Agricultural Chemicals
SMID,Smith-Midland Corporation Common Stock,$22.74,0.12,0.531%,119530832.00,United States,,11937,Industrials,Building Materials
SMR,NuScale Power Corporation Class A Common Stock,$2.09,0.01,0.481%,479034749.00,United States,2022,4323825,Industrials,Electrical Products
SND,Smart Sand Inc. Common Stock,$2.07,0.02,0.976%,85481900.00,United States,2016,225743,Industrials,Mining & Quarrying of Nonmetallic Minerals (No Fuels)
SNDR,Schneider National Inc. Common Stock,$22.12,0.64,2.98%,3903000009.00,United States,2017,576866,Industrials,Trucking Freight/Courier Services
SNES,SenesTech Inc. Common Stock,$0.2385,-0.1085,-31.268%,707030.00,United States,2016,682100,Industrials,Agricultural Chemicals
SOI,Solaris Oilfield Infrastructure Inc. Class A Common Stock,$8.80,0.12,1.382%,389428477.00,United States,2017,211651,Industrials,Metal Fabrications
SPLP,Steel Partners Holdings LP LTD PARTNERSHIP UNIT,$38.55,0.55,1.447%,823534359.00,United States,,1263,Industrials,Industrial Specialties
SPR,Spirit Aerosystems Holdings Inc. Common Stock,$24.25,0.31,1.295%,2560095732.00,United States,2006,5324985,Industrials,Military/Government/Technical
SPXC,SPX Technologies Inc. Common Stock,$83.75,0.38,0.456%,3823029966.00,United States,,149822,Industrials,Industrial Machinery/Components
SQM,Sociedad Quimica y Minera S.A. Common Stock,$46.87,-0.42,-0.888%,13387874433.00,Chile,1993,1254034,Industrials,Mining & Quarrying of Nonmetallic Minerals (No Fuels)
SSP,E.W. Scripps Company (The) Class A Common Stock,$6.85,0.16,2.392%,579649740.00,United States,,328210,Industrials,Broadcasting
SSRM,SSR Mining Inc. Common Stock,$11.69,-0.01,-0.085%,2383492453.00,Canada,,722097,Industrials,Precious Metals
ST,Sensata Technologies Holding plc Ordinary Shares,$31.55,0.67,2.17%,4775250408.00,Netherlands,2010,2055431,Industrials,Industrial Machinery/Components
STLD,Steel Dynamics Inc.,$109.02,0.32,0.294%,18058551071.00,United States,1996,1058463,Industrials,Steel/Iron Ore
STRC,Sarcos Technology and Robotics Corporation Common Stock,$0.533,-0.0172,-3.126%,13751400.00,United States,,33713,Industrials,Wholesale Distributors
STRCW,Sarcos Technology and Robotics Corporation Warrants,$0.01,0.00,0.00%,258000.00,United States,,5,Industrials,Wholesale Distributors
STRL,Sterling Infrastructure Inc. Common Stock,$66.56,1.51,2.321%,2052591058.00,United States,,389074,Industrials,Military/Government/Technical
SUM,Summit Materials Inc. Class A Common Stock,$33.56,0.28,0.841%,4009100622.00,United States,2015,751861,Industrials,Mining & Quarrying of Nonmetallic Minerals (No Fuels)
SWBI,Smith & Wesson Brands Inc. Common Stock,$13.83,0.15,1.096%,638233077.00,United States,,256484,Industrials,Ordnance And Accessories
SWIM,Latham Group Inc. Common Stock,$2.20,-0.015,-0.677%,252463079.00,United States,2021,260661,Industrials,Plastic Products
SXC,SunCoke Energy Inc. Common Stock,$8.73,0.22,2.585%,731191774.00,United States,2011,482250,Industrials,Steel/Iron Ore
SXI,Standex International Corporation Common Stock,$134.86,-0.91,-0.67%,1604777224.00,United States,,58007,Industrials,Industrial Machinery/Components
SXT,Sensient Technologies Corporation Common Stock,$57.57,0.26,0.454%,2432304233.00,United States,,123263,Industrials,Major Chemicals
SYM,Symbotic Inc. Class A Common Stock,$31.38,-0.35,-1.103%,17442496747.00,United States,2021,1082473,Industrials,Industrial Machinery/Components
SYPR,Sypris Solutions Inc. Common Stock,$1.87,-0.02,-1.058%,41915321.00,United States,,6006,Industrials,Industrial Machinery/Components
SYRA,Syra Health Corp. Class A Common Stock,$1.42,-0.04,-2.74%,8485105.00,United States,2023,2921,Industrials,Other Specialty Stores
TANH,Tantech Holdings Ltd. Common Shares,$2.5299,-0.0201,-0.788%,5616378.00,China,2015,34417,Industrials,Major Chemicals
TATT,TAT Technologies Ltd. Ordinary Shares,$8.27,-0.0001,-0.001%,73685700.00,Israel,,1372,Industrials,Aerospace
TAYD,Taylor Devices Inc. Common Stock,$21.91,0.19,0.875%,77153370.00,United States,,2797,Industrials,Industrial Machinery/Components
TDG,Transdigm Group Incorporated Common Stock,$992.50,19.43,1.997%,54769286300.00,United States,2006,355877,Industrials,Military/Government/Technical
TDY,Teledyne Technologies Incorporated Common Stock,$382.80,6.36,1.69%,18062302012.00,United States,,174342,Industrials,Industrial Machinery/Components
TER,Teradyne Inc. Common Stock,$88.12,3.19,3.756%,13471673511.00,United States,,1795392,Industrials,Electrical Products
TEX,Terex Corporation Common Stock,$49.20,1.66,3.492%,3311160000.00,United States,,775464,Industrials,Construction/Ag Equipment/Trucks
TG,Tredegar Corporation Common Stock,$4.41,-0.04,-0.899%,151636426.00,United States,,99677,Industrials,Metal Fabrications
TGI,Triumph Group Inc. Common Stock,$10.17,0.25,2.52%,781624920.00,United States,1996,1302814,Industrials,Aerospace
TGNA,TEGNA Inc,$15.62,0.29,1.892%,3076639176.00,United States,,2229241,Industrials,Broadcasting
THCPU,Thunder Bridge Capital Partners IV Inc. Unit,$10.28,0.01,0.097%,0.00,United States,2021,3125,Industrials,Consumer Electronics/Appliances
THMO,ThermoGenesis Holdings Inc. Common Stock,$1.03,-0.02,-1.905%,2556767.00,United States,,6833,Industrials,Medical Specialities
THO,Thor Industries Inc. Common Stock,$91.32,1.44,1.602%,4868662789.00,United States,,291424,Industrials,Homebuilding
THRY,Thryv Holdings Inc. Common Stock,$18.06,-0.50,-2.694%,635080207.00,United States,,224991,Industrials,Industrial Machinery/Components
TKR,Timken Company (The) Common Stock,$71.71,1.37,1.948%,5059240464.00,United States,,365752,Industrials,Metal Fabrications
TMO,Thermo Fisher Scientific Inc Common Stock,$448.43,4.16,0.936%,173260939906.00,United States,,1837389,Industrials,Industrial Machinery/Components
TMST,TimkenSteel Corporation Common Shares,$20.13,0.35,1.769%,868706446.00,United States,2014,184224,Industrials,Steel/Iron Ore
TNC,Tennant Company Common Stock,$83.68,0.23,0.276%,1563160642.00,United States,,117373,Industrials,Industrial Machinery/Components
TPCS,TechPrecision Corporation Common stock,$7.14,0.15,2.146%,62385264.00,United States,,19438,Industrials,Metal Fabrications
TPIC,TPI Composites Inc. Common Stock,$2.12,0.05,2.415%,90251003.00,United States,2016,1595719,Industrials,Industrial Machinery/Components
TRMB,Trimble Inc. Common Stock,$41.85,0.62,1.504%,10410922595.00,United States,1990,1378684,Industrials,Industrial Machinery/Components
TRN,Trinity Industries Inc. Common Stock,$23.36,0.28,1.213%,1912518076.00,United States,,244868,Industrials,Railroads
TRNS,Transcat Inc. Common Stock,$88.68,-1.32,-1.467%,782718412.00,United States,,26883,Industrials,Electrical Products
TROX,Tronox Holdings plc Ordinary Shares (UK),$11.15,0.17,1.548%,1748250368.00,United States,,1779106,Industrials,Major Chemicals
TRS,TriMas Corporation Common Stock,$23.70,0.42,1.804%,981521754.00,United States,2007,177699,Industrials,Industrial Specialties
TS,Tenaris S.A. American Depositary Shares,$34.65,0.83,2.454%,20452800580.00,Luxembourg,,1796759,Industrials,Steel/Iron Ore
TSAT,Telesat Corporation Class A Common Shares and Class B Variable Voting Shares ,$11.39,0.63,5.855%,154552972.00,Canada,,48003,Industrials,Metal Fabrications
TSE,Trinseo PLC Ordinary Shares ,$5.77,0.11,1.943%,203076564.00,United States,2014,421833,Industrials,Major Chemicals
TSP,TuSimple Holdings Inc. Class A Common Stock,$0.995,0.045,4.737%,227957668.00,United States,2021,817260,Industrials,Construction/Ag Equipment/Trucks
TT,Trane Technologies plc,$225.48,4.49,2.032%,51309549203.00,Ireland,,1171762,Industrials,Auto Parts:O.E.M.
TUP,Tupperware Brands Corporation Common Stock,$1.60,-0.07,-4.192%,74030912.00,United States,,1052544,Industrials,Plastic Products
TV,Grupo Televisa S.A. Common Stock,$2.39,-0.02,-0.83%,1350111000.00,Mexico,1993,1108138,Industrials,Broadcasting
TWI,Titan International Inc. (DE) Common Stock,$12.53,0.13,1.048%,775478918.00,United States,,233648,Industrials,Steel/Iron Ore
TWIN,Twin Disc Incorporated Common Stock,$13.85,0.10,0.727%,193357925.00,United States,,24746,Industrials,Industrial Machinery/Components
TX,Ternium S.A. Ternium S.A. American Depositary Shares (each representing ten shares USD1.00 par value),$35.84,-0.32,-0.885%,7185000489.00,Luxembourg,,166665,Industrials,Steel/Iron Ore
TXG,10x Genomics Inc. Class A Common Stock,$35.48,-1.00,-2.741%,4194041163.00,United States,2019,1422711,Industrials,Biotechnology: Laboratory Analytical Instruments
TXT,Textron Inc. Common Stock,$76.12,1.24,1.656%,14919935387.00,United States,,1295739,Industrials,Aerospace
UAMY,United States Antimony Corporation Common Stock,$0.313,-0.0029,-0.918%,33693610.00,United States,,134951,Industrials,Metal Fabrications
UAN,CVR Partners LP Common Units representing Limited Partner Interests,$77.80,-0.91,-1.156%,822317759.00,United States,2011,44523,Industrials,Agricultural Chemicals
UAVS,AgEagle Aerial Systems Inc. Common Stock,$0.12,-0.0032,-2.597%,13141485.00,United States,,606524,Industrials,Aerospace
ULH,Universal Logistics Holdings Inc. Common Stock,$23.42,0.39,1.693%,615664328.00,United States,2005,11516,Industrials,Trucking Freight/Courier Services
UNP,Union Pacific Corporation Common Stock,$211.49,1.26,0.599%,128923774218.00,United States,,2668498,Industrials,Railroads
UPS,United Parcel Service Inc. Common Stock,$138.11,-1.84,-1.315%,117659443097.00,United States,1999,5682471,Industrials,Trucking Freight/Courier Services
USAP,Universal Stainless & Alloy Products Inc. Common Stock,$15.19,0.68,4.686%,138050442.00,United States,1994,64367,Industrials,Steel/Iron Ore
USDP,USD Partners LP Common Units representing limited partner interest,$0.3722,0.0022,0.595%,12570842.00,United States,2014,38838,Industrials,Railroads
USLM,United States Lime & Minerals Inc. Common Stock,$197.56,1.27,0.647%,1126086863.00,United States,,6305,Industrials,Mining & Quarrying of Nonmetallic Minerals (No Fuels)
UUUU,Energy Fuels Inc Ordinary Shares (Canada),$7.90,0.01,0.127%,1273890342.00,Canada,,1971025,Industrials,Mining & Quarrying of Nonmetallic Minerals (No Fuels)
UVV,Universal Corporation Common Stock,$51.20,-0.30,-0.583%,1257430067.00,United States,,88720,Industrials,Farming/Seeds/Milling
VATE,INNOVATE Corp. Common Stock,$1.14,0.07,6.542%,90327890.00,United States,,251761,Industrials,Metal Fabrications
VEEE,Twin Vee PowerCats Co. Common Stock,$1.335,0.005,0.376%,12709200.00,United States,2021,1869,Industrials,Marine Transportation
VGAS,Verde Clean Fuels Inc. Class A Common Stock,$3.80,-0.02,-0.524%,121173777.00,United States,2021,41707,Industrials,Major Chemicals
VGASW,Verde Clean Fuels Inc. Warrant,$0.20,-0.0095,-4.535%,6377567.00,United States,2021,5200,Industrials,Major Chemicals
VHI,Valhi Inc. Common Stock,$11.63,-0.05,-0.428%,328995174.00,United States,,8303,Industrials,Major Chemicals
VJET,voxeljet AG American Depositary Shares,$1.24,-0.04,-3.125%,11327058.00,Germany,,12673,Industrials,Industrial Machinery/Components
VLD,Velo3D Inc. Common Stock,$1.36,0.04,3.03%,267576550.00,United States,2021,1124003,Industrials,Wholesale Distributors
VLTO,Veralto Corp Common Stock ,$70.55,0.92,1.321%,17377033421.00,United States,2023,1643989,Industrials,Electrical Products
VMAR,Vision Marine Technologies Inc. Common Shares,$1.90,0.00,0.00%,18867000.00,Canada,2020,12281,Industrials,Marine Transportation
VMC,Vulcan Materials Company (Holding Company) Common Stock,$211.66,2.43,1.161%,28123981092.00,United States,,838810,Industrials,Mining & Quarrying of Nonmetallic Minerals (No Fuels)
VMI,Valmont Industries Inc. Common Stock,$201.76,4.43,2.245%,4214889272.00,United States,,150272,Industrials,Metal Fabrications
VNT,Vontier Corporation Common Stock ,$32.30,0.43,1.349%,4984784549.00,United States,2020,476409,Industrials,Industrial Machinery/Components
VSTO,Vista Outdoor Inc. Common Stock,$24.79,0.31,1.266%,1439598137.00,United States,2015,841555,Industrials,Ordnance And Accessories
VVV,Valvoline Inc. Common Stock,$32.50,0.89,2.816%,4506538758.00,United States,2016,3334452,Industrials,Major Chemicals
WAB,Westinghouse Air Brake Technologies Corporation Common Stock,$112.53,1.17,1.051%,20160780275.00,United States,,830636,Industrials,Railroads
WAT,Waters Corporation Common Stock,$255.92,2.84,1.122%,15131775954.00,United States,1995,539453,Industrials,Biotechnology: Laboratory Analytical Instruments
WDFC,WD-40 Company Common Stock,$218.40,2.36,1.092%,2960779786.00,United States,1973,53669,Industrials,Major Chemicals
WERN,Werner Enterprises Inc. Common Stock,$36.77,0.45,1.239%,2331032128.00,United States,1986,565495,Industrials,Trucking Freight/Courier Services
WFRD,Weatherford International plc Ordinary Shares,$95.36,0.60,0.633%,6877229219.00,United States,,1107552,Industrials,Metal Fabrications
WGO,Winnebago Industries Inc. Common Stock,$61.12,1.24,2.071%,1826694112.00,United States,,444129,Industrials,Homebuilding
WHD,Cactus Inc. Class A Common Stock,$44.32,0.82,1.885%,3520319783.00,United States,2018,449640,Industrials,Metal Fabrications
WIRE,Encore Wire Corporation Common Stock,$186.34,3.93,2.154%,2939757046.00,United States,1992,165995,Industrials,Metal Fabrications
WLK,Westlake Corporation Common Stock,$121.98,3.02,2.539%,15630610881.00,United States,2004,243384,Industrials,Major Chemicals
WLKP,Westlake Chemical Partners LP Common Units representing limited partner interests,$21.28,-0.04,-0.188%,749654692.00,United States,2014,54374,Industrials,Major Chemicals
WNC,Wabash National Corporation Common Stock,$21.10,0.52,2.527%,972442093.00,United States,1991,335151,Industrials,Construction/Ag Equipment/Trucks
WOR,Worthington Industries Inc. Common Stock,$63.43,1.35,2.175%,3169307923.00,United States,,156271,Industrials,Steel/Iron Ore
WPRT,Westport Fuel Systems Inc Common Shares,$6.03,-0.06,-0.985%,103565081.00,Canada,2008,37778,Industrials,Industrial Machinery/Components
WRAP,Wrap Technologies Inc. Common Stock,$2.91,0.19,6.985%,122128012.00,United States,,401876,Industrials,Ordnance And Accessories
WSC,WillScot Mobile Mini Holdings Corp. Class A Common Stock,$36.68,1.62,4.621%,7028999257.00,United States,2015,1830384,Industrials,Misc Corporate Leasing Services
WTS,Watts Water Technologies Inc. Class A Common Stock,$188.85,1.23,0.656%,6293661368.00,United States,1986,89243,Industrials,Metal Fabrications
X,United States Steel Corporation Common Stock,$34.35,0.37,1.089%,7661372475.00,United States,,2867628,Industrials,Steel/Iron Ore
XPEL,XPEL Inc. Common Stock,$44.46,0.95,2.183%,1228383250.00,United States,,395586,Industrials,Industrial Specialties
XYL,Xylem Inc. Common Stock New,$98.46,1.64,1.694%,23736518219.00,United States,2011,1299759,Industrials,Fluid Controls
ZBRA,Zebra Technologies Corporation Class A Common Stock,$206.18,3.66,1.807%,10589323153.00,United States,1991,602261,Industrials,Industrial Machinery/Components
ZEUS,Olympic Steel Inc. Common Stock,$51.94,1.16,2.284%,578224231.00,United States,1994,49126,Industrials,Metal Fabrications
ZKIN,ZK International Group Co. Ltd Ordinary Share,$0.5228,0.0118,2.309%,15887892.00,China,2017,15822,Industrials,Metal Fabrications
ZTO,ZTO Express (Cayman) Inc. American Depositary Shares each representing one Class A ordinary share.,$24.12,0.43,1.815%,19664355430.00,China,2016,1264286,Industrials,Trucking Freight/Courier Services
ZWS,Zurn Elkay Water Solutions Corporation Common Stock,$28.80,0.75,2.674%,4976943869.00,United States,2012,1413568,Industrials,Industrial Machinery/Components
